{"0": [3.905062110612114e-06, -1.5810098695737327, 1.1670529963750487], "1": [7.968210843421612e-05, 0.5139535530000234, 0.005046559029936428]}